{
    "test_loss": 1.1459667682647705,
    "test_accuracy": 0.6776214838027954
}